analyser\NameExtractor;property;array;classes
analyser\NameExtractor;property;string;filename
analyser\NameExtractor;parameter;boolean;return
common\model\DebugItem;property;string;item
common\model\DebugItem;property;NULL;object
common\model\DebugItem;property;string;object
common\model\DebugItem;property;NULL;debugBacktrace
common\model\DebugItem;property;array;debugBacktrace
common\model\DebugItem;property;NULL;calledFromFile
common\model\DebugItem;property;string;calledFromFile
common\model\DebugItem;parameter;string;string
common\model\DebugItem;parameter;boolean;trace
common\model\DebugItem;parameter;NULL;object
common\model\DebugItem;parameter;Exception;object
common\model\DebugItem;parameter;string;object
common\model\DebugItem;parameter;login\model\UserCredentials;object
Debug;parameter;string;string
Debug;parameter;boolean;trace
Debug;parameter;Exception;object
Debug;parameter;string;object
Debug;parameter;login\model\UserCredentials;object
application\controller\Application;property;NULL;view
application\controller\Application;property;application\view\View;view
application\controller\Application;property;NULL;loginController
application\controller\Application;property;login\controller\LoginController;loginController
login\model\LoginModel;property;string;loggedInUser
login\model\LoginModel;property;NULL;allUsers
login\model\LoginModel;property;login\model\UserList;allUsers
login\model\LoginModel;parameter;login\model\UserCredentials;fromClient
login\model\LoginModel;parameter;login\view\LoginView;observer
login\model\LoginModel;parameter;login\model\UserCredentials;info
login\controller\LoginController;property;NULL;model
login\controller\LoginController;property;login\model\LoginModel;model
login\controller\LoginController;property;NULL;view
login\controller\LoginController;property;login\view\LoginView;view
login\controller\LoginController;parameter;login\view\LoginView;view
login\model\UserList;property;NULL;adminFile
login\model\UserList;property;common\model\PHPFileStorage;adminFile
login\model\UserList;property;array;users
login\model\UserList;parameter;login\model\UserCredentials;changedUser
login\model\UserList;parameter;login\model\UserCredentials;fromClient
common\model\PHPFileStorage;property;string;filePath
common\model\PHPFileStorage;parameter;string;filePath
common\model\PHPFileStorage;parameter;string;key
common\model\PHPFileStorage;parameter;login\model\UserName;key
common\model\PHPFileStorage;parameter;string;content
common\Filter;parameter;string;string
login\model\UserName;parameter;string;string
login\model\UserName;parameter;string;userName
login\model\UserName;property;string;userName
login\model\Password;parameter;string;string
login\model\Password;parameter;string;cleartext
login\model\Password;parameter;string;encryptedPassword
login\model\TemporaryPasswordServer;property;NULL;temporaryPassword
login\model\TemporaryPasswordServer;property;string;temporaryPassword
login\model\TemporaryPasswordServer;property;integer;expireDate
login\model\TemporaryPasswordServer;property;string;expireDate
login\model\TemporaryPasswordServer;parameter;string;serverString
login\model\TemporaryPasswordServer;parameter;login\model\TemporaryPasswordClient;fromCookie
login\model\UserCredentials;parameter;login\model\UserName;userName
login\model\UserCredentials;parameter;login\model\Password;password
login\model\UserCredentials;parameter;login\model\TemporaryPasswordServer;temporaryPassword
login\model\UserCredentials;parameter;login\model\TemporaryPasswordClient;temporaryPassword
login\model\UserCredentials;parameter;string;string
login\model\UserCredentials;parameter;login\model\UserCredentials;other
login\model\UserCredentials;property;login\model\UserName;userName
login\model\UserCredentials;property;NULL;password
login\model\UserCredentials;property;login\model\Password;password
login\model\UserCredentials;property;NULL;temporaryPassword
login\model\UserCredentials;property;login\model\TemporaryPasswordServer;temporaryPassword
login\model\UserCredentials;property;login\model\TemporaryPasswordClient;temporaryPassword
application\view\View;property;login\view\LoginView;loginView
application\view\View;property;NULL;timeView
application\view\View;property;application\view\SwedishDateTimeView;timeView
application\view\View;parameter;login\view\LoginView;loginView
application\view\View;parameter;boolean;isLoggedIn
application\view\View;parameter;login\model\UserCredentials;user
common\view\PageView;property;array;metaTags
common\view\PageView;property;string;charset
common\view\PageView;parameter;boolean;isXML
common\view\PageView;parameter;common\view\Page;page
login\model\LoginInfo;property;login\model\UserCredentials;user
login\model\LoginInfo;property;string;ipAdress
login\model\LoginInfo;property;NULL;ipAdress
login\model\LoginInfo;property;string;userAgent
login\model\LoginInfo;property;NULL;userAgent
login\model\LoginInfo;parameter;login\model\UserCredentials;user
application\view\SwedishDateTimeView;parameter;integer;timeStamp
application\view\SwedishDateTimeView;parameter;string;dayOfWeekInteger
application\view\SwedishDateTimeView;parameter;string;monthsInteger
common\view\Page;property;string;title
common\view\Page;property;string;body
common\view\Page;parameter;string;title
common\view\Page;parameter;string;body
common\view\DebugView;parameter;common\model\DebugItem;item
common\view\DebugView;parameter;array;array
common\view\DebugView;parameter;string;title
login\view\LoginView;property;string;LOGOUT
login\view\LoginView;property;string;LOGIN
login\view\LoginView;property;string;USERNAME
login\view\LoginView;property;string;PASSWORD
login\view\LoginView;property;string;CHECKED
login\view\LoginView;property;string;message
login\view\LoginView;parameter;login\model\TemporaryPasswordServer;tempCookie
login\model\TemporaryPasswordClient;property;string;temporaryPassword
login\model\TemporaryPasswordClient;parameter;string;cookieString
