wpdb;property;boolean;suppress_errors
wpdb;property;integer;num_queries
wpdb;property;integer;num_rows
wpdb;property;integer;rows_affected
wpdb;property;integer;insert_id
wpdb;property;string;last_query
wpdb;property;array<stdClass>;last_result
wpdb;property;resource;result
wpdb;property;unknown type;result
wpdb;property;boolean;result
wpdb;property;string;prefix
wpdb;property;boolean;ready
wpdb;property;array<string>;tables
wpdb;property;array<string>;old_tables
wpdb;property;array<string>;global_tables
wpdb;property;array<string>;ms_global_tables
wpdb;property;string;comments
wpdb;property;string;commentmeta
wpdb;property;string;links
wpdb;property;string;options
wpdb;property;string;postmeta
wpdb;property;string;posts
wpdb;property;string;terms
wpdb;property;string;term_relationships
wpdb;property;string;term_taxonomy
wpdb;property;string;usermeta
wpdb;property;string;users
wpdb;property;array<string>;field_types
wpdb;property;string;charset
wpdb;property;string;dbuser
wpdb;property;string;dbname
wpdb;property;string;dbhost
wpdb;property;resource;dbh
wpdb;property;string;func_call
wpdb;property;boolean;is_mysql
wpdb;property;string;base_prefix
wpdb;property;string;categories
wpdb;property;string;post2cat
wpdb;property;string;link2cat
wpdb.__construct();parameter;string;dbuser
wpdb.__construct();parameter;string;dbname
wpdb.__construct();parameter;string;dbhost
wpdb.set_charset();parameter;resource;dbh
wpdb.has_cap();parameter;string;db_cap
wpdb.select();parameter;string;db
wpdb.select();parameter;resource;dbh
wpdb.set_prefix();parameter;string;prefix
wpdb.__set();parameter;string;name
wpdb.__set();parameter;string;value
wpdb.tables();parameter;string;scope
is_wp_error();parameter;string;thing
is_wp_error();parameter;array<stdClass>;thing
is_wp_error();parameter;stdClass;thing
WP_Object_Cache;property;array<array>;cache
WP_Object_Cache;property;integer;cache_hits
WP_Object_Cache;property;integer;cache_misses
WP_Object_Cache;property;array<boolean>;global_groups
wp_cache_add_global_groups();parameter;array<string>;groups
WP_Object_Cache.add_global_groups();parameter;array<string>;groups
add_filter();parameter;string;tag
add_filter();parameter;string;function_to_add
add_filter();parameter;array<WP_Embed><string><WP_Widget_Factory><WP_Widget_Recent_Posts><WP_Widget_Recent_Comments><WP_Scripts>;function_to_add
add_filter();parameter;integer;priority
add_filter();parameter;integer;accepted_args
_wp_filter_build_unique_id();parameter;string;tag
_wp_filter_build_unique_id();parameter;string;function
_wp_filter_build_unique_id();parameter;array<WP_Embed><string><WP_Widget_Factory><WP_Widget_Recent_Posts><WP_Widget_Recent_Comments><WP_Scripts>;function
_wp_filter_build_unique_id();parameter;integer;priority
add_action();parameter;string;tag
add_action();parameter;string;function_to_add
add_action();parameter;array<WP_Embed><string><WP_Widget_Factory><WP_Widget_Recent_Posts><WP_Widget_Recent_Comments><WP_Scripts>;function_to_add
add_action();parameter;integer;priority
add_action();parameter;integer;accepted_args
wp_cache_get();parameter;string;key
wp_cache_get();parameter;integer;key
wp_cache_get();parameter;string;group
WP_Object_Cache.get();parameter;string;key
WP_Object_Cache.get();parameter;integer;key
WP_Object_Cache.get();parameter;string;group
WP_Object_Cache.get();parameter;boolean;found
wpdb.get_results();parameter;string;query
wpdb.get_results();parameter;string;output
wpdb.query();parameter;string;query
apply_filters();parameter;string;tag
apply_filters();parameter;string;value
apply_filters();parameter;stdClass;value
apply_filters();parameter;boolean;value
apply_filters();parameter;array<string><array><integer><boolean><double><NULL><stdClass><WP_Post>;value
apply_filters();parameter;integer;value
wpdb.suppress_errors();parameter;boolean;suppress
wp_cache_add();parameter;string;key
wp_cache_add();parameter;integer;key
wp_cache_add();parameter;array<string><stdClass><array><NULL>;data
wp_cache_add();parameter;stdClass;data
wp_cache_add();parameter;WP_Post;data
wp_cache_add();parameter;string;data
wp_cache_add();parameter;string;group
wp_cache_add();parameter;integer;expire
WP_Object_Cache.add();parameter;string;key
WP_Object_Cache.add();parameter;integer;key
WP_Object_Cache.add();parameter;array<string><stdClass><array><NULL>;data
WP_Object_Cache.add();parameter;stdClass;data
WP_Object_Cache.add();parameter;WP_Post;data
WP_Object_Cache.add();parameter;string;data
WP_Object_Cache.add();parameter;string;group
WP_Object_Cache.add();parameter;integer;expire
WP_Object_Cache.set();parameter;string;key
WP_Object_Cache.set();parameter;integer;key
WP_Object_Cache.set();parameter;array<string><boolean><stdClass><array><NULL><integer>;data
WP_Object_Cache.set();parameter;boolean;data
WP_Object_Cache.set();parameter;stdClass;data
WP_Object_Cache.set();parameter;string;data
WP_Object_Cache.set();parameter;WP_Post;data
WP_Object_Cache.set();parameter;string;group
WP_Object_Cache.set();parameter;integer;expire
wp_cache_set();parameter;string;key
wp_cache_set();parameter;boolean;data
wp_cache_set();parameter;array<boolean><string><integer><stdClass>;data
wp_cache_set();parameter;string;data
wp_cache_set();parameter;string;group
_wp_add_global_attributes();parameter;array<boolean>;value
array_map();parameter;string;callback
array_map();parameter;array<array><string><WP_Post><stdClass>;arg
WP_Embed;property;array<array>;handlers
WP_Embed;property;boolean;usecache
WP_Embed;property;boolean;linkifunknown
add_shortcode();parameter;string;tag
add_shortcode();parameter;string;func
add_shortcode();parameter;array<WP_Embed><string>;func
get_option();parameter;string;option
is_serialized();parameter;string;data
maybe_unserialize();parameter;string;original
_config_wp_siteurl();parameter;string;url
call_user_func_array();parameter;string;function_name
call_user_func_array();parameter;array<WP_User><string><WP_Widget_Factory><WP_Widget_Recent_Comments><Walker_Page><WP_Embed><WP_Widget_Search><WP_Widget_Recent_Posts><WP_Widget_Archives><WP_Widget_Categories><Walker_Category><WP_Widget_Meta><Walker_Comment>;function_name
call_user_func_array();parameter;array<string><integer><WP_Query><array><WP_Styles><WP_Scripts><WP_Post><boolean><NULL><stdClass>;parameters
do_action();parameter;string;tag
do_action();parameter;string;arg
do_action();parameter;WP_Query;arg
do_action();parameter;array<string><array>;arg
do_action();parameter;integer;arg
get_site_option();parameter;string;option
_config_wp_home();parameter;string;url
did_action();parameter;string;tag
register_taxonomy();parameter;string;taxonomy
register_taxonomy();parameter;string;object_type
register_taxonomy();parameter;array<boolean><string><array>;args
wp_parse_args();parameter;array<boolean><string><array><integer><double><NULL>;args
wp_parse_args();parameter;array<array><string><boolean><NULL><integer><WP_Post>;defaults
get_taxonomy_labels();parameter;stdClass;tax
get_translations_for_domain();parameter;string;domain
translate_with_gettext_context();parameter;string;text
translate_with_gettext_context();parameter;string;context
translate_with_gettext_context();parameter;string;domain
_x();parameter;string;text
_x();parameter;string;context
_x();parameter;string;domain
translate();parameter;string;text
translate();parameter;string;domain
__();parameter;string;text
__();parameter;string;domain
_get_custom_object_labels();parameter;stdClass;object
_get_custom_object_labels();parameter;array<array>;nohier_vs_hier_defaults
current_theme_supports();parameter;string;feature
register_post_type();parameter;string;post_type
register_post_type();parameter;array<array><boolean><string>;args
sanitize_key();parameter;string;key
get_post_type_capabilities();parameter;stdClass;args
_post_type_meta_capabilities();parameter;array<string>;capabilities
add_post_type_support();parameter;string;post_type
add_post_type_support();parameter;array<string>;feature
get_post_type_labels();parameter;stdClass;post_type_object
register_post_status();parameter;string;post_status
register_post_status();parameter;array<string><boolean><array>;args
register_theme_directory();parameter;string;directory
_wp_specialchars();parameter;string;string
_wp_specialchars();parameter;integer;quote_style
wp_embed_register_handler();parameter;string;id
wp_embed_register_handler();parameter;string;regex
wp_embed_register_handler();parameter;string;callback
wp_embed_register_handler();parameter;integer;priority
WP_Embed.register_handler();parameter;string;id
WP_Embed.register_handler();parameter;string;regex
WP_Embed.register_handler();parameter;string;callback
WP_Embed.register_handler();parameter;integer;priority
add_magic_quotes();parameter;array<string><integer>;array
WP_Query;property;array<integer><boolean><string>;query
WP_Query;property;array<string><array><integer><boolean>;query_vars
WP_Query;property;WP_Tax_Query;tax_query
WP_Query;property;WP_Meta_Query;meta_query
WP_Query;property;WP_Post;queried_object
WP_Query;property;integer;queried_object_id
WP_Query;property;string;request
WP_Query;property;array<string><WP_Post><stdClass>;posts
WP_Query;property;integer;post_count
WP_Query;property;integer;current_post
WP_Query;property;boolean;in_the_loop
WP_Query;property;WP_Post;post
WP_Query;property;array<stdClass>;comments
WP_Query;property;integer;comment_count
WP_Query;property;integer;current_comment
WP_Query;property;string;found_posts
WP_Query;property;integer;found_posts
WP_Query;property;double;max_num_pages
WP_Query;property;integer;max_num_comment_pages
WP_Query;property;boolean;is_single
WP_Query;property;boolean;is_home
WP_Query;property;boolean;is_singular
WP_Query;property;string;query_vars_hash
WP_Query;property;boolean;query_vars_changed
WP_Rewrite;property;string;author_base
WP_Rewrite;property;string;search_base
WP_Rewrite;property;string;comments_base
WP_Rewrite;property;string;pagination_base
WP_Rewrite;property;string;feed_base
WP_Rewrite;property;string;index
WP_Rewrite;property;string;matches
WP_Rewrite;property;boolean;use_verbose_page_rules
WP_Rewrite;property;array<string>;rewritecode
WP_Rewrite;property;array<string>;rewritereplace
WP_Rewrite;property;array<string>;queryreplace
WP_Rewrite;property;array<string>;feeds
WP_Widget_Factory;property;array<WP_Widget_Pages><WP_Widget_Calendar><WP_Widget_Archives><WP_Widget_Meta><WP_Widget_Search><WP_Widget_Text><WP_Widget_Categories><WP_Widget_Recent_Posts><WP_Widget_Recent_Comments><WP_Widget_RSS><WP_Widget_Tag_Cloud><WP_Nav_Menu_Widget><Twenty_Fourteen_Ephemera_Widget>;widgets
WP_Roles;property;array<array>;roles
WP_Roles;property;array<WP_Role>;role_objects
WP_Roles;property;array<string>;role_names
WP_Roles;property;string;role_key
WP_Roles;property;boolean;use_db
WP_Role;property;string;name
WP_Role;property;array<boolean>;capabilities
WP_Role.__construct();parameter;string;role
WP_Role.__construct();parameter;array<boolean>;capabilities
get_theme_root();parameter;string;stylesheet_or_template
get_raw_theme_root();parameter;string;stylesheet_or_template
load_textdomain();parameter;string;domain
load_textdomain();parameter;string;mofile
validate_file();parameter;string;file
WP_Locale;property;array<string>;weekday
WP_Locale;property;array<string>;weekday_initial
WP_Locale;property;array<string>;weekday_abbrev
WP_Locale;property;array<string>;month
WP_Locale;property;array<string>;month_abbrev
WP_Locale;property;array<string>;meridiem
WP_Locale;property;string;text_direction
WP_Locale;property;array<string>;number_format
load_theme_textdomain();parameter;string;domain
load_theme_textdomain();parameter;string;path
wp_parse_str();parameter;string;string
wp_parse_str();parameter;array<string>;array
urlencode_deep();parameter;string;value
urlencode_deep();parameter;array<string>;value
_http_build_query();parameter;array<string><integer>;data
_http_build_query();parameter;string;sep
build_query();parameter;array<string><integer>;data
add_theme_support();parameter;string;feature
add_editor_style();parameter;array<string>;stylesheet
add_image_size();parameter;string;name
add_image_size();parameter;integer;width
add_image_size();parameter;integer;height
add_image_size();parameter;boolean;crop
set_post_thumbnail_size();parameter;integer;width
set_post_thumbnail_size();parameter;integer;height
set_post_thumbnail_size();parameter;boolean;crop
register_nav_menus();parameter;array<string>;locations
WP;property;array<string>;public_query_vars
WP;property;array<string>;private_query_vars
WP;property;array<string>;query_vars
WP;property;string;query_string
WP_User;property;stdClass;data
WP_User;property;integer;ID
WP_User;property;array<boolean>;caps
WP_User;property;string;cap_key
WP_User;property;array<string>;roles
WP_User;property;array<boolean>;allcaps
WP_User;property;array<string>;back_compat_keys
WP_User.get_data_by();parameter;string;field
WP_User.get_data_by();parameter;string;value
get_user_by();parameter;string;field
get_user_by();parameter;string;value
get_userdata();parameter;string;user_id
remove_filter();parameter;string;tag
remove_filter();parameter;string;function_to_remove
current_user_can();parameter;string;capability
WP_User.has_cap();parameter;string;cap
map_meta_cap();parameter;string;cap
sanitize_title_with_dashes();parameter;string;title
sanitize_title_with_dashes();parameter;string;raw_title
sanitize_title_with_dashes();parameter;string;context
seems_utf8();parameter;string;str
utf8_uri_encode();parameter;string;utf8_string
utf8_uri_encode();parameter;integer;length
WP.add_query_var();parameter;string;qv
register_widget();parameter;string;widget_class
WP_Widget_Pages;property;string;id_base
WP_Widget_Pages;property;string;name
WP_Widget_Pages;property;array<string>;widget_options
WP_Widget_Pages;property;array<string>;control_options
WP_Widget_Pages;property;integer;number
WP_Widget_Pages;property;string;id
WP_Widget_Pages;property;string;option_name
WP_Widget_Factory.register();parameter;string;widget_class
WP_Widget.__construct();parameter;string;id_base
WP_Widget.__construct();parameter;string;name
WP_Widget.__construct();parameter;array<string>;widget_options
WP_Widget.__construct();parameter;array<integer>;control_options
WP_Widget_Calendar;property;string;id_base
WP_Widget_Calendar;property;string;name
WP_Widget_Calendar;property;array<string>;widget_options
WP_Widget_Calendar;property;array<string>;control_options
WP_Widget_Calendar;property;integer;number
WP_Widget_Calendar;property;string;id
WP_Widget_Calendar;property;string;option_name
WP_Widget_Archives;property;string;id_base
WP_Widget_Archives;property;string;name
WP_Widget_Archives;property;array<string>;widget_options
WP_Widget_Archives;property;array<string>;control_options
WP_Widget_Archives;property;integer;number
WP_Widget_Archives;property;string;id
WP_Widget_Archives;property;string;option_name
WP_Widget_Meta;property;string;id_base
WP_Widget_Meta;property;string;name
WP_Widget_Meta;property;array<string>;widget_options
WP_Widget_Meta;property;array<string>;control_options
WP_Widget_Meta;property;integer;number
WP_Widget_Meta;property;string;id
WP_Widget_Meta;property;string;option_name
WP_Widget_Search;property;string;id_base
WP_Widget_Search;property;string;name
WP_Widget_Search;property;array<string>;widget_options
WP_Widget_Search;property;array<string>;control_options
WP_Widget_Search;property;integer;number
WP_Widget_Search;property;string;id
WP_Widget_Search;property;string;option_name
WP_Widget_Text;property;string;id_base
WP_Widget_Text;property;string;name
WP_Widget_Text;property;array<string>;widget_options
WP_Widget_Text;property;array<string><integer>;control_options
WP_Widget_Text;property;integer;number
WP_Widget_Text;property;string;id
WP_Widget_Text;property;string;option_name
WP_Widget_Categories;property;string;id_base
WP_Widget_Categories;property;string;name
WP_Widget_Categories;property;array<string>;widget_options
WP_Widget_Categories;property;array<string>;control_options
WP_Widget_Categories;property;integer;number
WP_Widget_Categories;property;string;id
WP_Widget_Categories;property;string;option_name
WP_Widget_Recent_Posts;property;string;id_base
WP_Widget_Recent_Posts;property;string;name
WP_Widget_Recent_Posts;property;array<string>;widget_options
WP_Widget_Recent_Posts;property;array<string>;control_options
WP_Widget_Recent_Posts;property;integer;number
WP_Widget_Recent_Posts;property;string;id
WP_Widget_Recent_Posts;property;string;option_name
WP_Widget_Recent_Posts;property;string;alt_option_name
WP_Widget_Recent_Comments;property;string;id_base
WP_Widget_Recent_Comments;property;string;name
WP_Widget_Recent_Comments;property;array<string>;widget_options
WP_Widget_Recent_Comments;property;array<string>;control_options
WP_Widget_Recent_Comments;property;integer;number
WP_Widget_Recent_Comments;property;string;id
WP_Widget_Recent_Comments;property;string;option_name
WP_Widget_Recent_Comments;property;string;alt_option_name
is_active_widget();parameter;string;id_base
WP_Widget_RSS;property;string;id_base
WP_Widget_RSS;property;string;name
WP_Widget_RSS;property;array<string>;widget_options
WP_Widget_RSS;property;array<string><integer>;control_options
WP_Widget_RSS;property;integer;number
WP_Widget_RSS;property;string;id
WP_Widget_RSS;property;string;option_name
WP_Widget_Tag_Cloud;property;string;id_base
WP_Widget_Tag_Cloud;property;string;name
WP_Widget_Tag_Cloud;property;array<string>;widget_options
WP_Widget_Tag_Cloud;property;array<string>;control_options
WP_Widget_Tag_Cloud;property;integer;number
WP_Widget_Tag_Cloud;property;string;id
WP_Widget_Tag_Cloud;property;string;option_name
WP_Nav_Menu_Widget;property;string;id_base
WP_Nav_Menu_Widget;property;string;name
WP_Nav_Menu_Widget;property;array<string>;widget_options
WP_Nav_Menu_Widget;property;array<string>;control_options
WP_Nav_Menu_Widget;property;integer;number
WP_Nav_Menu_Widget;property;string;id
WP_Nav_Menu_Widget;property;string;option_name
Twenty_Fourteen_Ephemera_Widget;property;array<string>;formats
Twenty_Fourteen_Ephemera_Widget;property;array<string>;format_strings
Twenty_Fourteen_Ephemera_Widget;property;string;id_base
Twenty_Fourteen_Ephemera_Widget;property;string;name
Twenty_Fourteen_Ephemera_Widget;property;array<string>;widget_options
Twenty_Fourteen_Ephemera_Widget;property;array<string>;control_options
Twenty_Fourteen_Ephemera_Widget;property;integer;number
Twenty_Fourteen_Ephemera_Widget;property;string;id
Twenty_Fourteen_Ephemera_Widget;property;string;option_name
register_sidebar();parameter;array<string>;args
wpdb.prepare();parameter;string;query
wpdb.prepare();parameter;string;args
wpdb.prepare();parameter;integer;args
wpdb.escape_by_ref();parameter;string;string
array_walk();parameter;array<string>;input
array_walk();parameter;array<wpdb><string>;funcname
wpdb.get_row();parameter;string;query
WP_Widget._set();parameter;integer;number
wp_register_sidebar_widget();parameter;string;id
wp_register_sidebar_widget();parameter;string;name
wp_register_sidebar_widget();parameter;array<WP_Widget_Pages><string><WP_Widget_Calendar><WP_Widget_Archives><WP_Widget_Meta><WP_Widget_Search><WP_Widget_Text><WP_Widget_Categories><WP_Widget_Recent_Posts><WP_Widget_Recent_Comments><WP_Widget_RSS><WP_Widget_Tag_Cloud><WP_Nav_Menu_Widget><Twenty_Fourteen_Ephemera_Widget>;output_callback
wp_register_sidebar_widget();parameter;array<string>;options
_register_widget_update_callback();parameter;string;id_base
_register_widget_update_callback();parameter;array<WP_Widget_Pages><string><WP_Widget_Calendar><WP_Widget_Archives><WP_Widget_Meta><WP_Widget_Search><WP_Widget_Text><WP_Widget_Categories><WP_Widget_Recent_Posts><WP_Widget_Recent_Comments><WP_Widget_RSS><WP_Widget_Tag_Cloud><WP_Nav_Menu_Widget><Twenty_Fourteen_Ephemera_Widget>;update_callback
_register_widget_update_callback();parameter;array<string><integer>;options
_register_widget_form_callback();parameter;string;id
_register_widget_form_callback();parameter;string;name
_register_widget_form_callback();parameter;array<WP_Widget_Pages><string><WP_Widget_Calendar><WP_Widget_Archives><WP_Widget_Meta><WP_Widget_Search><WP_Widget_Text><WP_Widget_Categories><WP_Widget_Recent_Posts><WP_Widget_Recent_Comments><WP_Widget_RSS><WP_Widget_Tag_Cloud><WP_Nav_Menu_Widget><Twenty_Fourteen_Ephemera_Widget>;form_callback
_register_widget_form_callback();parameter;array<string><integer>;options
WP_Widget._register_one();parameter;integer;number
spawn_cron();parameter;double;gmt_time
get_transient();parameter;string;transient
delete_option();parameter;string;option
wp_protect_special_option();parameter;string;option
set_transient();parameter;string;transient
set_transient();parameter;string;value
add_option();parameter;string;option
add_option();parameter;string;value
add_option();parameter;string;autoload
sanitize_option();parameter;string;option
sanitize_option();parameter;string;value
maybe_serialize();parameter;string;data
get_site_url();parameter;string;path
get_site_url();parameter;string;scheme
site_url();parameter;string;path
site_url();parameter;string;scheme
set_url_scheme();parameter;string;url
set_url_scheme();parameter;string;scheme
wp_remote_post();parameter;string;url
wp_remote_post();parameter;array<double><boolean>;args
WP_Http.post();parameter;string;url
WP_Http.post();parameter;array<double><boolean>;args
WP_Http.request();parameter;string;url
WP_Http.request();parameter;array<string><double><boolean>;args
get_home_url();parameter;string;path
get_bloginfo();parameter;string;show
get_bloginfo();parameter;string;filter
wp_kses_no_null();parameter;string;string
wp_kses_bad_protocol();parameter;string;string
wp_kses_bad_protocol();parameter;array<string>;allowed_protocols
wp_kses_bad_protocol_once();parameter;string;string
wp_kses_bad_protocol_once();parameter;array<string>;allowed_protocols
wp_kses_decode_entities();parameter;string;string
wp_kses_bad_protocol_once2();parameter;string;string
wp_kses_bad_protocol_once2();parameter;array<string>;allowed_protocols
WP_Http.buildCookieHeader();parameter;array<string><double><integer><boolean><array><NULL>;r
WP_Http_Encoding.accept_encoding();parameter;string;url
WP_Http_Encoding.accept_encoding();parameter;array<string><double><integer><boolean><array><NULL>;args
WP_Http._dispatch_request();parameter;string;url
WP_Http._dispatch_request();parameter;array<string><double><integer><boolean><array><NULL>;args
WP_Http._get_first_available_transport();parameter;array<string><double><integer><boolean><array><NULL>;args
WP_Http._get_first_available_transport();parameter;string;url
WP_Http_Curl.test();parameter;array<string><double><integer><boolean><array><NULL>;args
call_user_func();parameter;array<string>;function_name
call_user_func();parameter;string;function_name
call_user_func();parameter;array<string><double><integer><boolean><array><NULL>;parmeter
call_user_func();parameter;string;...
WP_Http_Curl.request();parameter;string;url
WP_Http_Curl.request();parameter;array<string><double><integer><boolean><array><NULL>;args
do_action_ref_array();parameter;string;tag
do_action_ref_array();parameter;array<resource><WP><WP_Query><WP_Styles><WP_Scripts><WP_Post><WP_Comment_Query>;args
WP_Error;property;array<array>;errors
WP_Error.__construct();parameter;string;code
WP_Error.__construct();parameter;string;message
mbstring_binary_safe_encoding();parameter;boolean;reset
wp_next_scheduled();parameter;string;hook
get_theme_support();parameter;string;feature
Featured_Content.get_setting();parameter;string;key
Featured_Content.sanitize_quantity();parameter;integer;input
update_option();parameter;string;option
get_post_types();parameter;array<boolean>;args
get_post_types();parameter;string;output
wp_filter_object_list();parameter;array<stdClass>;list
wp_filter_object_list();parameter;array<boolean>;args
wp_filter_object_list();parameter;string;operator
wp_filter_object_list();parameter;string;field
wp_list_filter();parameter;array<stdClass>;list
wp_list_filter();parameter;array<boolean>;args
wp_list_filter();parameter;string;operator
get_taxonomies();parameter;string;output
has_filter();parameter;string;tag
WP_Query.query();parameter;array<integer><boolean><string>;query
WP_Query.fill_query_vars();parameter;array<string><integer><array><boolean>;array
WP_Query.parse_tax_query();parameter;array<string><integer><array><boolean>;q
WP_Tax_Query;property;string;relation
WP_Tax_Query;property;array<string>;no_results
Featured_Content.pre_get_posts();parameter;WP_Query;query
get_term_by();parameter;string;field
get_term_by();parameter;string;value
get_term_by();parameter;string;taxonomy
taxonomy_exists();parameter;string;taxonomy
stripslashes_deep();parameter;string;value
wp_unslash();parameter;string;value
WP_Meta_Query.parse_query_vars();parameter;array<string><integer><array><boolean><NULL>;qv
apply_filters_ref_array();parameter;string;tag
apply_filters_ref_array();parameter;array<string><WP_Query><array><WP_Comment_Query><integer>;args
WP_Tax_Query.get_sql();parameter;string;primary_table
WP_Tax_Query.get_sql();parameter;string;primary_id_column
get_post_type_object();parameter;string;post_type
get_post_stati();parameter;array<boolean>;args
wp_list_pluck();parameter;array<stdClass>;list
wp_list_pluck();parameter;string;field
wpdb.get_col();parameter;string;query
wpdb.get_var();parameter;string;query
WP_Query.set_found_posts();parameter;array<string><integer><array><boolean>;q
WP_Query.set_found_posts();parameter;string;limits
_prime_post_caches();parameter;array<string>;ids
_prime_post_caches();parameter;boolean;update_term_cache
_prime_post_caches();parameter;boolean;update_meta_cache
_get_non_cached_ids();parameter;array<string>;object_ids
_get_non_cached_ids();parameter;string;cache_key
update_post_caches();parameter;array<stdClass><WP_Post>;posts
update_post_caches();parameter;string;post_type
update_post_caches();parameter;boolean;update_term_cache
update_post_caches();parameter;boolean;update_meta_cache
update_post_cache();parameter;array<stdClass><WP_Post>;posts
update_object_term_cache();parameter;array<string><integer>;object_ids
update_object_term_cache();parameter;array<string>;object_type
get_object_taxonomies();parameter;array<string>;object
get_object_taxonomies();parameter;string;object
wp_get_object_terms();parameter;array<integer>;object_ids
wp_get_object_terms();parameter;array<string>;taxonomies
wp_get_object_terms();parameter;array<string>;args
get_taxonomy();parameter;string;taxonomy
sanitize_term();parameter;stdClass;term
sanitize_term();parameter;string;taxonomy
sanitize_term();parameter;string;context
sanitize_term_field();parameter;string;field
sanitize_term_field();parameter;string;value
sanitize_term_field();parameter;string;term_id
sanitize_term_field();parameter;string;taxonomy
sanitize_term_field();parameter;string;context
update_term_cache();parameter;array<stdClass>;terms
_post_format_wp_get_object_terms();parameter;array<stdClass>;terms
update_meta_cache();parameter;string;meta_type
update_meta_cache();parameter;array<string><integer>;object_ids
update_postmeta_cache();parameter;array<string><integer>;post_ids
_get_meta_table();parameter;string;type
get_post();parameter;string;post
get_post();parameter;WP_Post;post
get_post();parameter;stdClass;post
get_post();parameter;integer;post
WP_Post.get_instance();parameter;string;post_id
WP_Post.get_instance();parameter;integer;post_id
sanitize_post();parameter;stdClass;post
sanitize_post();parameter;string;context
sanitize_post_field();parameter;string;field
sanitize_post_field();parameter;string;value
sanitize_post_field();parameter;string;post_id
sanitize_post_field();parameter;integer;post_id
sanitize_post_field();parameter;string;context
WP_Post;property;integer;ID
WP_Post;property;string;post_author
WP_Post;property;string;post_date
WP_Post;property;string;post_date_gmt
WP_Post;property;string;post_content
WP_Post;property;string;post_title
WP_Post;property;string;post_status
WP_Post;property;string;comment_status
WP_Post;property;string;ping_status
WP_Post;property;string;post_name
WP_Post;property;string;post_modified
WP_Post;property;string;post_modified_gmt
WP_Post;property;string;guid
WP_Post;property;string;post_type
WP_Post;property;string;comment_count
WP_Post;property;string;filter
WP_Post.__construct();parameter;stdClass;post
WP_Post.__construct();parameter;WP_Post;post
get_status_header_desc();parameter;integer;code
status_header();parameter;integer;code
wp_get_shortlink();parameter;string;context
get_query_template();parameter;string;type
get_query_template();parameter;array<string>;templates
locate_template();parameter;array<string>;template_names
locate_template();parameter;string;template_names
locate_template();parameter;boolean;load
load_template();parameter;string;_template_file
load_template();parameter;boolean;require_once
bloginfo();parameter;string;show
wptexturize();parameter;string;text
convert_chars();parameter;string;content
wp_check_invalid_utf8();parameter;string;string
esc_html();parameter;string;text
wp_title();parameter;string;sep
wp_title();parameter;boolean;display
wp_title();parameter;string;seplocation
get_query_var();parameter;string;var
twentyfourteen_wp_title();parameter;string;title
twentyfourteen_wp_title();parameter;string;sep
capital_P_dangit();parameter;string;text
get_theme_root_uri();parameter;string;stylesheet_or_template
content_url();parameter;string;path
wp_enqueue_style();parameter;string;handle
wp_enqueue_style();parameter;string;src
wp_enqueue_style();parameter;array<string>;deps
wp_enqueue_style();parameter;string;ver
WP_Styles;property;string;base_url
WP_Styles;property;string;content_url
WP_Styles;property;string;default_version
WP_Styles;property;string;text_direction
WP_Styles;property;array<string>;default_dirs
WP_Styles;property;array<_WP_Dependency>;registered
WP_Styles;property;array<string>;queue
WP_Styles;property;array<string>;to_do
WP_Styles;property;array<string>;done
WP_Styles;property;array<integer>;groups
wp_default_styles();parameter;WP_Styles;styles
WP_Dependencies.add();parameter;string;handle
WP_Dependencies.add();parameter;string;src
WP_Dependencies.add();parameter;boolean;src
WP_Dependencies.add();parameter;array<string>;deps
WP_Dependencies.add();parameter;string;ver
WP_Dependencies.add();parameter;string;args
WP_Dependencies.add();parameter;integer;args
_WP_Dependency;property;string;handle
_WP_Dependency;property;string;src
_WP_Dependency;property;boolean;src
_WP_Dependency;property;array<string>;deps
_WP_Dependency;property;string;ver
_WP_Dependency;property;string;args
_WP_Dependency;property;integer;args
_WP_Dependency;property;array<string><integer>;extra
WP_Dependencies.add_data();parameter;string;handle
WP_Dependencies.add_data();parameter;string;key
WP_Dependencies.add_data();parameter;string;value
WP_Dependencies.add_data();parameter;integer;value
_WP_Dependency.add_data();parameter;string;name
_WP_Dependency.add_data();parameter;string;data
_WP_Dependency.add_data();parameter;integer;data
WP_Dependencies.enqueue();parameter;string;handles
wp_style_add_data();parameter;string;handle
wp_style_add_data();parameter;string;key
wp_style_add_data();parameter;string;value
sanitize_title();parameter;string;title
is_active_sidebar();parameter;string;index
get_theme_mod();parameter;string;name
get_theme_mod();parameter;string;default
WP_Theme;property;array<string>;file_headers
WP_Theme;property;array<string>;default_themes
WP_Theme;property;array<string>;tag_map
WP_Theme;property;string;theme_root
WP_Theme;property;array<string>;headers
WP_Theme;property;array<string>;headers_sanitized
WP_Theme;property;string;stylesheet
WP_Theme;property;string;template
WP_Theme;property;string;cache_hash
WP_Theme;property;integer;cache_expiration
WP_Theme.__construct();parameter;string;theme_dir
WP_Theme.__construct();parameter;string;theme_root
WP_Theme.cache_get();parameter;string;key
get_file_data();parameter;string;file
get_file_data();parameter;array<string>;default_headers
get_file_data();parameter;string;context
WP_Theme.cache_add();parameter;string;key
WP_Theme.cache_add();parameter;array<array><NULL><string>;data
WP_Theme.get();parameter;string;header
WP_Theme.sanitize_header();parameter;string;header
WP_Theme.sanitize_header();parameter;string;value
wp_kses();parameter;string;string
wp_kses();parameter;array<array><boolean>;allowed_html
wp_kses();parameter;string;allowed_html
wp_kses_normalize_entities();parameter;string;string
wp_kses_hook();parameter;string;string
wp_kses_hook();parameter;array<array><boolean>;allowed_html
wp_kses_hook();parameter;string;allowed_html
wp_kses_hook();parameter;array<string>;allowed_protocols
wp_kses_split();parameter;string;string
wp_kses_split();parameter;array<array><boolean>;allowed_html
wp_kses_split();parameter;string;allowed_html
wp_kses_split();parameter;array<string>;allowed_protocols
wp_enqueue_script();parameter;string;handle
wp_enqueue_script();parameter;string;src
wp_enqueue_script();parameter;array<string>;deps
wp_enqueue_script();parameter;string;ver
wp_enqueue_script();parameter;boolean;in_footer
WP_Scripts;property;string;base_url
WP_Scripts;property;string;content_url
WP_Scripts;property;string;default_version
WP_Scripts;property;array<string>;in_footer
WP_Scripts;property;array<string>;default_dirs
WP_Scripts;property;array<_WP_Dependency>;registered
WP_Scripts;property;array<string>;queue
WP_Scripts;property;array<string>;to_do
WP_Scripts;property;array<string>;done
WP_Scripts;property;array<integer>;groups
WP_Scripts;property;integer;group
wp_default_scripts();parameter;WP_Scripts;scripts
WP_Scripts.localize();parameter;string;handle
WP_Scripts.localize();parameter;string;object_name
WP_Scripts.localize();parameter;array<string><integer><array>;l10n
WP_Dependencies.get_data();parameter;string;handle
WP_Dependencies.get_data();parameter;string;key
esc_attr();parameter;string;text
get_admin_url();parameter;string;path
get_admin_url();parameter;string;scheme
admin_url();parameter;string;path
admin_url();parameter;string;scheme
includes_url();parameter;string;path
includes_url();parameter;string;scheme
wp_specialchars_decode();parameter;string;string
wp_specialchars_decode();parameter;integer;quote_style
wp_kses_named_entities();parameter;array<string>;matches
preg_replace_callback();parameter;string;regex
preg_replace_callback();parameter;string;callback
preg_replace_callback();parameter;string;subject
home_url();parameter;string;path
esc_url();parameter;string;url
esc_url();parameter;array<string>;protocols
esc_url();parameter;string;_context
_deep_replace();parameter;array<string>;search
_deep_replace();parameter;string;subject
get_feed_link();parameter;string;feed
WP_Dependencies.do_items();parameter;integer;group
WP_Dependencies.all_deps();parameter;array<string>;handles
WP_Dependencies.all_deps();parameter;boolean;recursion
WP_Styles.all_deps();parameter;array<string>;handles
WP_Styles.all_deps();parameter;boolean;recursion
WP_Dependencies.set_group();parameter;string;handle
WP_Dependencies.set_group();parameter;boolean;recursion
WP_Dependencies.set_group();parameter;integer;group
WP_Styles.do_item();parameter;string;handle
WP_Styles._css_href();parameter;string;src
WP_Styles._css_href();parameter;string;ver
WP_Styles._css_href();parameter;string;handle
wp_style_loader_src();parameter;string;src
wp_style_loader_src();parameter;string;handle
WP_Styles.print_inline_style();parameter;string;handle
wp_localize_script();parameter;string;handle
wp_localize_script();parameter;string;object_name
wp_localize_script();parameter;array<integer><string>;l10n
WP_Scripts.all_deps();parameter;array<string>;handles
WP_Scripts.all_deps();parameter;boolean;recursion
WP_Scripts.set_group();parameter;string;handle
WP_Scripts.set_group();parameter;boolean;recursion
WP_Scripts.do_item();parameter;string;handle
WP_Scripts.do_item();parameter;integer;group
WP_Scripts.print_extra_script();parameter;string;handle
get_the_generator();parameter;string;type
the_generator();parameter;string;type
WP_Query.get();parameter;string;query_var
twentyfourteen_body_classes();parameter;array<string>;classes
_e();parameter;string;text
_e();parameter;string;domain
wp_nav_menu();parameter;array<string>;args
wp_page_menu();parameter;array<string><boolean><integer>;args
wp_list_pages();parameter;array<string><boolean><integer>;args
get_pages();parameter;array<integer><string><boolean>;args
walk_page_tree();parameter;array<WP_Post>;pages
walk_page_tree();parameter;array<integer><string><boolean>;r
Walker_Page;property;string;tree_type
Walker_Page;property;array<string>;db_fields
Walker_Page;property;integer;max_pages
Walker.walk();parameter;array<WP_Post><stdClass>;elements
Walker.walk();parameter;integer;max_depth
Walker.display_element();parameter;WP_Post;element
Walker.display_element();parameter;stdClass;element
Walker.display_element();parameter;integer;max_depth
Walker.display_element();parameter;string;max_depth
Walker.display_element();parameter;array<array><integer>;args
Walker.display_element();parameter;string;output
Walker_Page.start_el();parameter;string;output
Walker_Page.start_el();parameter;WP_Post;page
Walker_Page.start_el();parameter;array<integer><string><boolean>;args
get_permalink();parameter;integer;id
get_permalink();parameter;string;id
get_page_link();parameter;integer;post
_get_page_link();parameter;WP_Post;post
Walker_Page.end_el();parameter;string;output
Walker_Page.end_el();parameter;WP_Post;page
Walker_Page.end_el();parameter;array<integer><string><boolean>;args
esc_attr_x();parameter;string;text
esc_attr_x();parameter;string;context
setup_postdata();parameter;WP_Post;post
update_user_caches();parameter;stdClass;user
WP_User.init();parameter;stdClass;data
get_metadata();parameter;string;meta_type
get_metadata();parameter;integer;object_id
get_metadata();parameter;string;meta_key
get_metadata();parameter;boolean;single
get_user_meta();parameter;integer;user_id
get_user_meta();parameter;string;key
get_user_meta();parameter;boolean;single
mysql2date();parameter;string;format
mysql2date();parameter;string;date
mysql2date();parameter;boolean;translate
post_type_supports();parameter;string;post_type
post_type_supports();parameter;string;feature
get_the_terms();parameter;integer;post
get_the_terms();parameter;string;taxonomy
get_object_term_cache();parameter;integer;id
get_object_term_cache();parameter;string;taxonomy
Featured_Content.hide_the_featured_term();parameter;array<stdClass>;terms
Featured_Content.hide_the_featured_term();parameter;integer;id
Featured_Content.hide_the_featured_term();parameter;string;taxonomy
get_template_part();parameter;string;slug
get_post_format();parameter;integer;post
post_password_required();parameter;integer;post
post_password_required();parameter;WP_Post;post
is_sticky();parameter;integer;post_id
is_object_in_taxonomy();parameter;string;object_type
is_object_in_taxonomy();parameter;string;taxonomy
get_the_category();parameter;integer;id
_make_cat_compat();parameter;stdClass;category
sanitize_html_class();parameter;string;class
sanitize_html_class();parameter;integer;fallback
get_the_tags();parameter;integer;id
twentyfourteen_post_classes();parameter;array<string>;classes
get_post_meta();parameter;integer;post_id
get_post_meta();parameter;string;key
get_post_meta();parameter;boolean;single
the_title();parameter;string;before
the_title();parameter;string;after
get_the_date();parameter;string;d
date_i18n();parameter;string;dateformatstring
date_i18n();parameter;integer;unixtimestamp
backslashit();parameter;string;string
get_the_author_meta();parameter;string;field
get_author_posts_url();parameter;integer;author_id
WP_User.__get();parameter;string;key
ent2ncr();parameter;string;text
_close_comments_for_old_post();parameter;boolean;open
_close_comments_for_old_post();parameter;integer;post_id
comments_popup_link();parameter;string;zero
comments_popup_link();parameter;string;one
comments_popup_link();parameter;string;more
get_comments_number();parameter;integer;post_id
the_title_attribute();parameter;array<integer>;args
get_the_title();parameter;WP_Post;post
get_the_title();parameter;string;post
comments_number();parameter;string;zero
comments_number();parameter;string;one
comments_number();parameter;string;more
edit_post_link();parameter;string;link
edit_post_link();parameter;string;before
edit_post_link();parameter;string;after
get_edit_post_link();parameter;integer;id
get_the_content();parameter;string;more_link_text
the_content();parameter;string;more_link_text
WP_Embed.run_shortcode();parameter;string;content
do_shortcode();parameter;string;content
convert_smilies();parameter;string;text
wpautop();parameter;string;pee
shortcode_unautop();parameter;string;pee
prepend_attachment();parameter;string;content
wp_link_pages();parameter;array<string>;args
the_tags();parameter;string;before
the_tags();parameter;string;after
get_the_term_list();parameter;string;taxonomy
get_the_term_list();parameter;string;before
get_the_term_list();parameter;string;after
get_the_tag_list();parameter;string;before
get_the_tag_list();parameter;string;after
get_sidebar();parameter;string;name
has_nav_menu();parameter;string;location
dynamic_sidebar();parameter;string;index
WP_Widget.display_callback();parameter;array<string>;args
WP_Widget.display_callback();parameter;array<integer>;widget_args
WP_Widget_Search.widget();parameter;array<string>;args
WP_Widget_Search.widget();parameter;array<string>;instance
WP_Widget_Recent_Posts.widget();parameter;array<string>;args
WP_Widget_Recent_Posts.widget();parameter;array<string><integer>;instance
WP_Query.__construct();parameter;array<integer><boolean><string>;query
WP_Widget_Recent_Comments.widget();parameter;array<string>;args
WP_Widget_Recent_Comments.widget();parameter;array<string><integer>;instance
get_comments();parameter;array<integer><string>;args
WP_Comment_Query;property;WP_Meta_Query;meta_query
WP_Comment_Query;property;array<string><integer><boolean><NULL>;query_vars
WP_Comment_Query.query();parameter;array<integer><string>;query_vars
get_comment();parameter;string;comment
get_comment_link();parameter;string;comment
WP_Widget_Archives.widget();parameter;array<string>;args
WP_Widget_Archives.widget();parameter;array<string><integer>;instance
wp_get_archives();parameter;array<string>;args
get_month_link();parameter;string;year
get_month_link();parameter;string;month
get_archives_link();parameter;string;url
get_archives_link();parameter;string;text
get_archives_link();parameter;string;format
WP_Widget_Categories.widget();parameter;array<string>;args
WP_Widget_Categories.widget();parameter;array<string><integer>;instance
wp_list_categories();parameter;array<string>;args
get_categories();parameter;array<string><integer>;args
get_terms();parameter;string;taxonomies
get_terms();parameter;array<string><integer>;args
is_taxonomy_hierarchical();parameter;string;taxonomy
_post_format_get_terms();parameter;array<stdClass>;terms
_post_format_get_terms();parameter;array<string>;taxonomies
_post_format_get_terms();parameter;array<string><integer><array><boolean>;args
Featured_Content.hide_featured_term();parameter;array<stdClass>;terms
Featured_Content.hide_featured_term();parameter;array<string>;taxonomies
Walker_Category;property;string;tree_type
Walker_Category;property;array<string>;db_fields
Walker_Category;property;integer;max_pages
Walker_Category.start_el();parameter;string;output
Walker_Category.start_el();parameter;stdClass;category
Walker_Category.start_el();parameter;array<string><integer><boolean>;args
get_term_link();parameter;stdClass;term
_post_format_link();parameter;string;link
_post_format_link();parameter;stdClass;term
_post_format_link();parameter;string;taxonomy
Walker_Category.end_el();parameter;string;output
Walker_Category.end_el();parameter;stdClass;page
Walker_Category.end_el();parameter;array<string><integer><boolean>;args
WP_Widget_Meta.widget();parameter;array<string>;args
WP_Widget_Meta.widget();parameter;array<string>;instance
wp_login_url();parameter;string;redirect
esc_attr__();parameter;string;text
get_post_status();parameter;WP_Post;ID
get_post_status_object();parameter;string;post_status
_close_comments_for_old_posts();parameter;array<WP_Post>;posts
_close_comments_for_old_posts();parameter;WP_Query;query
get_attached_file();parameter;integer;attachment_id
get_post_comments_feed_link();parameter;integer;post_id
get_post_field();parameter;string;field
get_post_field();parameter;integer;post
get_adjacent_post_rel_link();parameter;string;title
get_adjacent_post_rel_link();parameter;boolean;previous
get_adjacent_post_rel_link();parameter;string;taxonomy
get_adjacent_post();parameter;boolean;previous
get_adjacent_post();parameter;string;taxonomy
update_comment_cache();parameter;array<stdClass>;comments
_n();parameter;string;single
_n();parameter;string;plural
_n();parameter;string;number
_n();parameter;string;domain
number_format_i18n();parameter;string;number
wp_list_comments();parameter;array<string><boolean><integer>;args
Walker_Comment;property;string;tree_type
Walker_Comment;property;array<string>;db_fields
Walker_Comment;property;integer;max_pages
Walker.paged_walk();parameter;array<stdClass>;elements
Walker.paged_walk();parameter;string;max_depth
Walker_Comment.display_element();parameter;stdClass;element
Walker_Comment.display_element();parameter;string;max_depth
Walker_Comment.display_element();parameter;array<array>;args
Walker_Comment.display_element();parameter;string;output
Walker_Comment.start_el();parameter;string;output
Walker_Comment.start_el();parameter;stdClass;comment
Walker_Comment.start_el();parameter;array<NULL><string><integer><boolean>;args
Walker_Comment.html5_comment();parameter;stdClass;comment
Walker_Comment.html5_comment();parameter;integer;depth
Walker_Comment.html5_comment();parameter;array<NULL><string><integer><boolean>;args
get_avatar();parameter;stdClass;id_or_email
get_avatar();parameter;integer;size
get_comment_time();parameter;string;d
comment_time();parameter;string;d
edit_comment_link();parameter;string;link
edit_comment_link();parameter;string;before
edit_comment_link();parameter;string;after
make_clickable();parameter;string;text
force_balance_tags();parameter;string;text
get_comment_reply_link();parameter;array<NULL><string><integer><boolean>;args
comment_reply_link();parameter;array<NULL><string><integer><boolean>;args
comments_open();parameter;integer;post_id
Walker_Comment.end_el();parameter;string;output
Walker_Comment.end_el();parameter;stdClass;comment
Walker_Comment.end_el();parameter;array<NULL><string><integer><boolean>;args
wp_logout_url();parameter;string;redirect
wp_nonce_url();parameter;string;actionurl
wp_nonce_url();parameter;string;action
wp_create_nonce();parameter;string;action
wp_salt();parameter;string;scheme
wp_hash();parameter;string;data
wp_hash();parameter;string;scheme
comment_form_title();parameter;string;noreplytext
comment_form_title();parameter;string;replytext
get_cancel_comment_reply_link();parameter;string;text
cancel_comment_reply_link();parameter;string;text
remove_query_arg();parameter;string;key
get_comment_id_fields();parameter;integer;id
comment_id_fields();parameter;integer;id
sanitize_text_field();parameter;string;str
wp_filter_kses();parameter;string;data
sanitize_email();parameter;string;email
